City_ID,City,Country,Date,Lat,Lng,Max Temp,Humidity,Cloudiness,Wind Speed
0,Port Elizabeth,ZA,2022-08-25 20:15:58,-33.918,25.5701,59.09,85,3,8.99
1,Bredasdorp,ZA,2022-08-25 20:15:58,-34.5322,20.0403,51.12,66,4,8.05
2,Srandakan,ID,2022-08-25 20:15:58,-7.9386,110.2506,74.3,89,27,7.58
3,Rikitea,PF,2022-08-25 20:15:59,-23.1203,-134.9692,67.48,66,100,24.32
4,Nikolskoye,RU,2022-08-25 20:15:59,59.7035,30.7861,64.29,81,100,6.49
5,Meulaboh,ID,2022-08-25 20:15:59,4.1363,96.1285,74.84,93,100,6.29
6,Arraial Do Cabo,BR,2022-08-25 20:16:00,-22.9661,-42.0278,73.36,83,0,18.41
7,Astana,KZ,2022-08-25 20:16:00,51.1801,71.446,57.15,67,0,4.47
8,Kaitangata,NZ,2022-08-25 20:16:00,-46.2817,169.8464,36.75,88,5,4.68
9,Esmeraldas,BR,2022-08-25 20:16:01,-19.7625,-44.3139,75.31,40,99,12.26
10,Punta Arenas,CL,2022-08-25 20:16:01,-53.15,-70.9167,46.51,53,40,28.77
11,Lobanovo,RU,2022-08-25 20:16:01,57.8595,56.3026,66.11,72,0,6.71
12,Kavieng,PG,2022-08-25 20:16:02,-2.5744,150.7967,81.55,75,98,10.51
13,Qaanaaq,GL,2022-08-25 20:15:16,77.484,-69.3632,40.87,57,9,5.32
14,Hofn,IS,2022-08-25 20:16:02,64.2539,-15.2082,51.37,73,100,10.6
15,Lazaro Cardenas,MX,2022-08-25 20:13:39,17.9583,-102.2,87.04,62,52,10.29
16,Ushuaia,AR,2022-08-25 20:16:03,-54.8,-68.3,46.02,83,76,15.14
17,Vaini,TO,2022-08-25 20:16:03,-21.2,-175.2,75.36,88,20,6.91
18,Puerto Ayora,EC,2022-08-25 20:13:41,-0.7393,-90.3518,73.36,89,15,7.0
19,Saint-Pierre,RE,2022-08-25 20:16:03,-21.3393,55.4781,69.91,68,0,19.57
20,Saint-Joseph,RE,2022-08-25 20:16:04,-21.3667,55.6167,68.38,77,23,12.62
21,Markova,UA,2022-08-25 20:16:04,48.6758,24.4138,63.93,44,16,4.38
22,Jamestown,US,2022-08-25 20:16:05,42.097,-79.2353,84.94,52,40,6.91
23,New Norfolk,AU,2022-08-25 20:16:05,-42.7826,147.0587,41.9,90,10,1.01
24,Ilo,PE,2022-08-25 20:16:05,-17.6394,-71.3375,63.46,77,100,9.22
25,Saskylakh,RU,2022-08-25 20:12:14,71.9167,114.0833,43.9,91,100,1.79
26,Dikson,RU,2022-08-25 20:16:06,73.5069,80.5464,40.82,77,100,10.29
27,Bluff,NZ,2022-08-25 20:16:06,-46.6,168.3333,34.81,88,6,8.32
28,Busselton,AU,2022-08-25 20:16:07,-33.65,115.3333,49.23,85,0,7.07
29,Pevek,RU,2022-08-25 20:16:07,69.7008,170.3133,35.69,95,100,7.74
30,Lompoc,US,2022-08-25 20:16:07,34.6391,-120.4579,78.85,72,0,14.97
31,Atuona,PF,2022-08-25 20:16:08,-9.8,-139.0333,76.77,71,2,13.0
32,Mataura,NZ,2022-08-25 20:16:08,-46.1927,168.8643,34.48,93,1,2.28
33,Bhimunipatnam,IN,2022-08-25 20:16:08,17.8833,83.4333,80.56,80,100,4.45
34,Mogadishu,SO,2022-08-25 20:16:09,2.0371,45.3438,75.9,83,6,18.12
35,Hithadhoo,MV,2022-08-25 20:16:09,-0.6,73.0833,80.96,75,100,11.77
36,Sokolo,ML,2022-08-25 20:16:09,14.7328,-6.1219,83.44,61,100,7.09
37,Tiksi,RU,2022-08-25 20:16:10,71.6872,128.8694,44.15,78,98,7.18
38,Mehamn,NO,2022-08-25 20:16:10,71.0357,27.8492,49.91,100,0,0.0
39,Maramba,TZ,2022-08-25 20:16:11,-5.05,38.6167,58.96,95,57,1.45
40,Butaritari,KI,2022-08-25 20:16:11,3.0707,172.7902,81.54,75,42,9.98
41,Tomatlan,MX,2022-08-25 20:16:12,19.9333,-105.25,91.4,56,49,8.23
42,Tilichiki,RU,2022-08-25 20:16:12,60.4667,166.1,49.12,92,100,9.6
43,Sao Filipe,CV,2022-08-25 20:17:13,14.8961,-24.4956,79.27,76,83,2.93
44,Vestmanna,FO,2022-08-25 20:17:13,62.1564,-7.1664,50.92,93,100,9.22
45,Ullapool,GB,2022-08-25 20:17:13,57.8987,-5.1604,55.35,85,91,7.4
46,Castro,BR,2022-08-25 20:17:14,-24.7911,-50.0119,63.25,72,95,4.56
47,Isangel,VU,2022-08-25 20:17:14,-19.55,169.2667,75.22,82,21,10.42
48,Marsh Harbour,BS,2022-08-25 20:17:14,26.5412,-77.0636,84.92,68,29,7.87
49,Bara,NG,2022-08-25 20:17:15,10.3744,10.7288,72.52,92,96,2.51
50,Kodiak,US,2022-08-25 20:17:15,57.79,-152.4072,54.91,94,100,4.61
51,Hermanus,ZA,2022-08-25 20:17:15,-34.4187,19.2345,53.85,70,21,11.83
52,Kupang,ID,2022-08-25 20:17:16,-10.1667,123.5833,73.02,73,10,13.11
53,Upernavik,GL,2022-08-25 20:17:16,72.7868,-56.1549,43.45,80,100,7.94
54,Denpasar,ID,2022-08-25 20:17:16,-8.65,115.2167,78.46,88,20,16.11
55,Poum,NC,2022-08-25 20:17:17,-20.2333,164.0167,73.99,76,5,12.53
56,Yellowknife,CA,2022-08-25 20:17:17,62.456,-114.3525,72.12,53,0,10.36
57,Adrar,MR,2022-08-25 20:17:17,20.5022,-10.0711,96.08,33,94,8.05
58,Bundaberg,AU,2022-08-25 20:17:18,-24.85,152.35,46.22,89,0,1.99
59,Alice Springs,AU,2022-08-25 20:17:18,-23.7,133.8833,31.55,64,0,0.0
60,Avarua,CK,2022-08-25 20:15:18,-21.2078,-159.775,68.05,94,75,12.66
61,Kruisfontein,ZA,2022-08-25 20:17:19,-34.0033,24.7314,56.88,64,0,14.16
62,Lorengau,PG,2022-08-25 20:17:19,-2.0226,147.2712,76.03,89,100,10.27
63,Jumla,NP,2022-08-25 20:17:20,29.2747,82.1838,64.24,87,95,1.28
64,Codrington,AU,2022-08-25 20:17:20,-38.2667,141.9667,50.16,77,99,3.31
65,Troitsko-Pechorsk,RU,2022-08-25 20:17:21,62.7084,56.1964,62.4,92,50,9.37
66,Sharlyk,RU,2022-08-25 20:17:21,52.9167,54.75,69.96,51,0,6.44
67,Kapaa,US,2022-08-25 20:14:35,22.0752,-159.319,84.18,74,40,8.05
68,Sola,VU,2022-08-25 20:17:21,-13.8833,167.55,79.81,68,9,21.56
69,Bambous Virieux,MU,2022-08-25 20:17:22,-20.3428,57.7575,70.05,68,40,11.5
70,Martapura,ID,2022-08-25 20:17:22,-3.4167,114.85,75.29,94,40,1.14
71,Chuy,UY,2022-08-25 20:17:22,-33.6971,-53.4616,63.45,84,100,3.51
72,Lebu,CL,2022-08-25 20:17:23,-37.6167,-73.65,50.9,69,2,18.9
73,Victoria,HK,2022-08-25 20:14:40,22.2855,114.1577,82.45,88,100,8.99
74,Touros,BR,2022-08-25 20:17:23,-5.1989,-35.4608,76.26,69,10,17.07
75,Luanda,AO,2022-08-25 20:14:40,-8.8368,13.2343,69.8,88,15,8.05
76,Odweyne,SO,2022-08-25 20:17:24,9.4092,45.064,74.68,52,51,14.88
77,Sucua,EC,2022-08-25 20:17:24,-2.4667,-78.1667,75.94,68,100,4.61
78,Naze,JP,2022-08-25 20:17:24,28.3667,129.4833,79.72,85,71,8.95
79,Tornio,FI,2022-08-25 20:17:25,65.8481,24.1466,55.42,90,62,7.92
80,Brae,GB,2022-08-25 20:17:25,60.3964,-1.353,54.86,83,100,9.53
81,Roald,NO,2022-08-25 20:17:25,62.5833,6.1333,63.91,94,75,10.36
82,Quang Ngai,VN,2022-08-25 20:15:55,15.1167,108.8,76.55,87,100,7.16
83,Saint-Philippe,RE,2022-08-25 20:17:26,-21.3585,55.7679,69.39,81,44,12.08
84,Nemuro,JP,2022-08-25 20:16:06,43.3236,145.575,63.7,94,100,11.01
85,Grahamstown,ZA,2022-08-25 20:17:26,-33.3042,26.5328,50.95,75,24,9.98
86,Tarazona,ES,2022-08-25 20:17:27,41.9,-1.7333,73.22,75,55,11.99
87,Maromitsa,RU,2022-08-25 20:17:27,59.8683,48.0123,63.3,74,53,4.59
88,Avera,US,2022-08-25 20:17:27,33.194,-82.5271,80.11,82,100,4.18
89,Ginda,IN,2022-08-25 20:17:28,30.6945,78.4932,67.17,96,94,1.25
90,Ponta Do Sol,PT,2022-08-25 20:18:28,32.6667,-17.1,74.03,70,40,4.5
91,Cape Town,ZA,2022-08-25 20:18:29,-33.9258,18.4232,56.1,64,75,4.0
92,Loukhi,RU,2022-08-25 20:18:29,66.0764,33.0381,55.27,66,0,3.42
93,Beloha,MG,2022-08-25 20:18:29,-25.1667,45.05,67.96,64,0,10.22
94,Rubiataba,BR,2022-08-25 20:18:29,-15.1644,-49.8033,88.43,20,27,5.19
95,Tuatapere,NZ,2022-08-25 20:18:30,-46.1333,167.6833,38.14,86,0,4.79
96,Mar Del Plata,AR,2022-08-25 20:18:30,-38.0023,-57.5575,59.02,88,20,6.91
97,Miyako,JP,2022-08-25 20:18:31,39.6367,141.9525,68.13,98,100,2.46
98,Fort Nelson,CA,2022-08-25 20:15:41,58.8053,-122.7002,81.99,47,20,2.3
99,Hambantota,LK,2022-08-25 20:18:31,6.1241,81.1185,79.43,79,100,16.58
100,Nadym,RU,2022-08-25 20:18:31,65.5333,72.5167,45.25,63,50,7.67
101,Okhotsk,RU,2022-08-25 20:18:32,59.3833,143.3,56.84,71,100,5.01
102,Walvis Bay,NA,2022-08-25 20:18:32,-22.9575,14.5053,56.35,76,0,4.61
103,Athabasca,CA,2022-08-25 20:15:07,54.7169,-113.2854,84.61,24,0,10.63
104,Portlethen,GB,2022-08-25 20:18:32,57.0547,-2.1307,60.57,74,84,4.61
105,Igrim,RU,2022-08-25 20:18:33,63.1906,64.4162,55.51,65,100,3.4
106,Dunedin,NZ,2022-08-25 20:18:33,-45.8742,170.5036,47.8,76,0,1.01
107,Narsaq,GL,2022-08-25 20:18:33,60.9167,-46.05,50.22,89,100,2.86
108,Selenduma,RU,2022-08-25 20:18:34,50.9131,106.2406,41.63,85,24,3.67
109,Bonavista,CA,2022-08-25 20:18:34,48.6499,-53.1147,67.17,87,99,9.53
110,Haines Junction,CA,2022-08-25 20:18:34,60.7522,-137.5108,58.95,72,100,2.3
111,Pacific Grove,US,2022-08-25 20:18:35,36.6177,-121.9166,76.24,83,20,8.05
112,Makat,KZ,2022-08-25 20:18:35,47.6469,53.3463,77.11,17,0,9.1
113,Khilok,RU,2022-08-25 20:18:35,51.3674,110.4676,34.75,95,9,3.42
114,Faanui,PF,2022-08-25 20:18:36,-16.4833,-151.75,74.68,83,93,22.7
115,Khandyga,RU,2022-08-25 20:18:36,62.6667,135.6,46.74,97,100,2.66
116,Hobart,AU,2022-08-25 20:18:36,-42.8794,147.3294,42.26,95,2,6.91
117,Mayo,US,2022-08-25 20:18:36,38.8876,-76.5119,88.12,62,0,12.66
118,Bashtanka,UA,2022-08-25 20:18:37,47.4072,32.4387,77.23,30,92,11.77
119,Khatanga,RU,2022-08-25 20:18:37,71.9667,102.5,42.98,88,95,3.11
120,Thompson,CA,2022-08-25 20:17:24,55.7435,-97.8558,59.16,82,100,4.61
121,Talnakh,RU,2022-08-25 20:18:38,69.4865,88.3972,38.21,85,100,13.78
122,Nyimba,ZM,2022-08-25 20:18:38,-14.5566,30.8149,68.74,37,3,8.03
123,Tres Arroyos,AR,2022-08-25 20:18:38,-38.3739,-60.2798,66.92,39,66,6.91
124,Hovd,MN,2022-08-25 20:18:39,48.0056,91.6419,54.09,37,52,2.3
125,Hare Bay,CA,2022-08-25 20:15:08,48.8499,-54.0148,78.19,73,82,3.76
126,Guerrero Negro,MX,2022-08-25 20:18:39,27.9769,-114.0611,83.68,54,11,12.03
127,Mitsamiouli,KM,2022-08-25 20:18:39,-11.3847,43.2844,74.26,74,33,5.3
128,Ailigandi,PA,2022-08-25 20:18:40,9.2333,-78.0167,81.28,76,95,6.11
129,Tiznit,MA,2022-08-25 20:18:40,29.5833,-9.5,76.75,58,3,2.24
130,Eyl,SO,2022-08-25 20:18:40,7.9803,49.8164,77.45,77,0,26.82
131,Porbandar,IN,2022-08-25 20:18:41,21.6422,69.6093,80.73,74,53,7.85
132,Carnarvon,AU,2022-08-25 20:18:41,-24.8667,113.6333,65.17,68,2,11.45
133,Sapele,NG,2022-08-25 20:18:41,5.8941,5.6767,74.95,90,100,4.68
134,Lugazi,UG,2022-08-25 20:18:42,0.3772,32.9197,66.38,82,65,2.39
135,Opuwo,NA,2022-08-25 20:18:42,-18.0607,13.84,67.55,31,29,3.38
136,Oneonta,US,2022-08-25 20:19:42,42.4529,-75.0638,86.11,62,60,4.0
137,Dingle,PH,2022-08-25 20:19:43,10.9995,122.6711,75.2,93,36,5.97
138,Karwar,IN,2022-08-25 20:19:43,14.8,74.1333,76.26,88,63,4.56
139,Port Alfred,ZA,2022-08-25 20:19:43,-33.5906,26.891,57.18,82,39,3.0
140,Port Lincoln,AU,2022-08-25 20:19:44,-34.7333,135.8667,53.91,81,95,6.4
141,Yangjiang,CN,2022-08-25 20:19:44,21.85,111.9667,78.46,90,69,8.08
142,Georgetown,MY,2022-08-25 20:18:35,5.4112,100.3354,82.35,81,20,11.5
143,Iqaluit,CA,2022-08-25 20:19:44,63.7506,-68.5145,40.73,87,100,12.66
144,Nyurba,RU,2022-08-25 20:19:45,63.2842,118.3319,48.43,97,100,5.84
145,Ribeira Grande,PT,2022-08-25 20:19:45,38.5167,-28.7,75.6,73,40,5.75
146,Arlit,NE,2022-08-25 20:19:45,18.7369,7.3853,77.45,69,99,34.11
147,Luderitz,NA,2022-08-25 20:19:46,-26.6481,15.1594,56.73,71,0,15.66
148,Jeremie,HT,2022-08-25 20:19:46,18.65,-74.1167,84.51,69,63,2.71
149,Sorland,NO,2022-08-25 20:19:46,67.667,12.6934,55.26,96,75,4.27
150,Tasiilaq,GL,2022-08-25 20:19:47,65.6145,-37.6368,35.76,74,100,1.95
151,Cidreira,BR,2022-08-25 20:19:47,-30.1811,-50.2056,65.07,77,3,8.63
152,Tommot,RU,2022-08-25 20:19:47,58.9564,126.2925,42.21,94,96,3.11
153,Vostok,RU,2022-08-25 20:19:48,46.4856,135.8833,49.66,97,58,4.9
154,Cobija,BO,2022-08-25 20:19:48,-11.0267,-68.7692,93.38,38,40,4.61
155,Pizhma,RU,2022-08-25 20:19:48,57.8642,47.1171,66.29,65,33,4.14
156,Ketchikan,US,2022-08-25 20:19:49,55.3422,-131.6461,72.07,60,20,8.05
157,Tuktoyaktuk,CA,2022-08-25 20:19:49,69.4541,-133.0374,55.4,100,100,0.0
158,Hilo,US,2022-08-25 20:19:49,19.7297,-155.09,88.29,75,100,6.91
159,Tigil,RU,2022-08-25 20:19:49,57.8,158.6667,51.93,89,100,25.9
160,Mount Gambier,AU,2022-08-25 20:19:02,-37.8333,140.7667,44.51,100,100,3.44
161,Axim,GH,2022-08-25 20:16:21,4.8699,-2.2405,75.38,89,93,4.32
162,Sarkand,KZ,2022-08-25 20:19:50,45.41,79.9186,58.73,42,0,5.79
163,Lasa,IT,2022-08-25 20:19:50,46.6166,10.7002,74.28,80,18,3.33
164,Jackson,US,2022-08-25 20:19:51,42.4165,-122.8345,93.02,40,0,3.44
165,Nyagan,RU,2022-08-25 20:19:51,62.1406,65.3936,57.45,50,100,3.67
166,Ust-Karsk,RU,2022-08-25 20:19:51,52.7011,118.8077,42.84,97,85,3.83
167,Paracatu,BR,2022-08-25 20:19:52,-17.2222,-46.8747,81.9,23,10,5.73
168,Bengkulu,ID,2022-08-25 20:19:52,-3.8004,102.2655,74.05,90,32,3.65
169,Rognan,NO,2022-08-25 20:19:52,67.0953,15.3878,61.88,72,85,1.57
170,Erenhot,CN,2022-08-25 20:19:53,43.6475,111.9767,52.84,57,6,13.8
171,Meadow Lake,US,2022-08-25 20:19:53,34.8014,-106.5436,85.78,35,67,6.17
172,Makakilo City,US,2022-08-25 20:19:53,21.3469,-158.0858,84.52,62,0,10.36
173,Eureka,US,2022-08-25 20:19:53,40.8021,-124.1637,63.93,86,46,1.99
174,Klaksvik,FO,2022-08-25 20:19:54,62.2266,-6.589,52.72,89,22,13.33
175,Damaturu,NG,2022-08-25 20:19:54,11.747,11.9608,76.91,78,99,3.38
176,La Palma,US,2022-08-25 20:19:54,33.8464,-118.0467,98.96,61,20,10.36
177,Vangaindrano,MG,2022-08-25 20:19:55,-23.35,47.6,63.81,90,3,2.26
178,Chokurdakh,RU,2022-08-25 20:19:55,70.6333,147.9167,38.97,75,100,8.1
179,Shanhetun,CN,2022-08-25 20:19:55,44.7,127.2,46.22,93,1,9.06
180,Kieta,PG,2022-08-25 20:19:56,-6.2167,155.6333,77.34,85,14,1.57
181,Shwebo,MM,2022-08-25 20:19:56,22.5667,95.7,82.9,73,100,7.05
182,Bathsheba,BB,2022-08-25 20:19:56,13.2167,-59.5167,86.61,74,40,14.97
183,Provideniya,RU,2022-08-25 20:19:57,64.3833,-173.3,47.05,96,100,3.36
184,Rio Grande,BR,2022-08-25 20:20:57,-32.035,-52.0986,77.11,79,32,7.36
185,Sisimiut,GL,2022-08-25 20:20:57,66.9395,-53.6735,44.46,81,97,22.35
186,Lavrentiya,RU,2022-08-25 20:20:57,65.5833,-171.0,39.67,99,100,5.84
187,Nishihara,JP,2022-08-25 20:20:58,26.1842,127.7558,85.28,84,40,9.22
188,Tevaitoa,PF,2022-08-25 20:20:58,-16.7833,-151.5,74.64,81,96,22.44
189,Geraldton,AU,2022-08-25 20:20:58,-28.7667,114.6,45.01,93,0,10.36
190,Pangnirtung,CA,2022-08-25 20:20:59,66.1451,-65.7125,46.4,76,75,4.61
191,Envira,BR,2022-08-25 20:20:59,-7.3,-70.2167,95.05,28,78,0.98
192,Verkhoturye,RU,2022-08-25 20:20:59,58.8627,60.8054,61.32,94,8,3.85
193,Karkal,IN,2022-08-25 20:21:00,13.2,74.9833,76.82,95,100,2.53
194,Clyde River,CA,2022-08-25 20:21:00,70.4692,-68.5914,37.63,100,100,10.36
195,Hami,CN,2022-08-25 20:21:00,42.8,93.45,82.99,14,100,5.64
196,Leeton,AU,2022-08-25 20:21:01,-34.5667,146.4,37.89,100,100,0.0
197,Novobirilyussy,RU,2022-08-25 20:21:01,56.9514,90.6661,56.41,97,99,5.79
198,Hervey Bay,AU,2022-08-25 20:21:01,-25.2986,152.8535,55.2,71,0,7.23
199,Arvika,SE,2022-08-25 20:21:02,59.6553,12.5852,54.21,70,76,2.3
200,Hobyo,SO,2022-08-25 20:21:02,5.3505,48.5268,76.05,82,9,22.95
201,Kahului,US,2022-08-25 20:21:02,20.8947,-156.47,87.82,66,20,16.11
202,Longhua,CN,2022-08-25 20:21:03,23.6137,114.1919,74.98,98,74,2.1
203,Terrasini,IT,2022-08-25 20:21:03,38.146,13.0844,80.22,70,40,6.91
204,Namatanai,PG,2022-08-25 20:21:03,-3.6667,152.4333,78.04,82,40,5.77
205,Ostrovnoy,RU,2022-08-25 20:21:04,68.0531,39.5131,49.41,93,7,6.82
206,Kavaratti,IN,2022-08-25 20:21:04,10.5669,72.642,80.91,76,100,16.75
207,Cherskiy,RU,2022-08-25 20:21:04,68.75,161.3,39.2,89,100,17.09
208,Barrow,US,2022-08-25 20:19:08,71.2906,-156.7887,42.82,100,100,5.75
209,Mahebourg,MU,2022-08-25 20:21:05,-20.4081,57.7,70.09,68,40,11.5
210,Arona,ES,2022-08-25 20:21:05,28.0996,-16.681,73.69,83,20,16.11
211,Port Macquarie,AU,2022-08-25 20:21:05,-31.4333,152.9167,43.9,78,41,9.24
212,Raudeberg,NO,2022-08-25 20:21:06,61.9875,5.1352,58.87,1,100,11.88
213,Mantua,IT,2022-08-25 20:21:06,45.1667,10.7833,81.64,73,1,1.01
214,Zatoka,UA,2022-08-25 20:21:06,46.0725,30.4654,76.35,60,99,7.0
215,Thaba-Tseka,LS,2022-08-25 20:21:07,-29.522,28.6084,49.3,41,4,5.1
216,Goderich,CA,2022-08-25 20:21:07,43.7501,-81.7165,77.32,65,100,5.75
217,Whitehorse,CA,2022-08-25 20:21:07,60.7161,-135.0538,65.17,61,75,9.22
218,Phalodi,IN,2022-08-25 20:21:08,27.1333,72.3667,81.84,70,85,12.26
219,East London,ZA,2022-08-25 20:20:17,-33.0153,27.9116,62.47,64,73,16.02
220,Samarai,PG,2022-08-25 20:21:09,-10.6167,150.6667,78.64,84,61,7.23
221,Souillac,MU,2022-08-25 20:21:09,-20.5167,57.5167,70.18,68,40,11.5
222,Vilyuysk,RU,2022-08-25 20:21:09,63.7553,121.6247,41.31,94,10,4.12
223,Salalah,OM,2022-08-25 20:20:41,17.0151,54.0924,77.09,100,100,2.3
224,Moranbah,AU,2022-08-25 20:21:10,-22.0016,148.0466,46.36,58,5,8.28
225,Tekari,IN,2022-08-25 20:21:10,24.9333,84.8333,81.01,84,32,5.97
226,Fortuna,US,2022-08-25 20:21:10,40.5982,-124.1573,65.32,88,75,5.75
227,Tortoli,IT,2022-08-25 20:21:11,39.9256,9.6572,78.62,73,0,9.22
228,Susurluk,TR,2022-08-25 20:21:11,39.9136,28.1578,69.58,88,46,3.24
229,Ahipara,NZ,2022-08-25 20:21:11,-35.1667,173.1667,58.46,89,46,18.01
230,Namwala,ZM,2022-08-25 20:22:12,-15.7504,26.4384,68.4,36,5,7.94
231,Lucea,JM,2022-08-25 20:22:12,18.451,-78.1736,78.66,73,52,5.99
232,Dongning,CN,2022-08-25 20:22:13,44.0622,131.1207,51.49,93,0,5.01
233,San Cristobal,VE,2022-08-25 20:22:13,7.7669,-72.225,84.38,53,29,6.49
234,Karuzi,BI,2022-08-25 20:22:13,-3.125,30.1333,70.12,40,99,0.36
235,Pisco,PE,2022-08-25 20:22:14,-13.7,-76.2167,62.65,77,100,5.75
236,Kenai,US,2022-08-25 20:22:14,60.5544,-151.2583,57.29,89,75,11.5
237,Santa Cruz De Tenerife,ES,2022-08-25 20:22:14,28.4682,-16.2546,76.87,88,40,26.46
238,Kuytun,RU,2022-08-25 20:22:15,54.3419,101.5036,44.44,93,64,5.48
239,Maceio,BR,2022-08-25 20:22:15,-9.6658,-35.7353,78.24,69,40,11.5
240,Honiara,SB,2022-08-25 20:22:15,-9.4333,159.95,76.75,86,99,5.77
241,Maposeni,TZ,2022-08-25 20:22:16,-10.5833,35.4,61.83,72,82,3.36
242,Hamilton,US,2022-08-25 20:18:30,39.1834,-84.5333,86.99,51,40,11.5
243,Quepos,CR,2022-08-25 20:22:17,9.4236,-84.1652,81.1,79,100,5.37
244,Vestmannaeyjar,IS,2022-08-25 20:22:17,63.4427,-20.2734,51.87,74,93,22.3
245,Portland,US,2022-08-25 20:21:00,45.5234,-122.6762,92.64,51,20,4.61
246,Lagoa,PT,2022-08-25 20:22:18,39.05,-27.9833,72.25,76,11,5.86
247,Norman Wells,CA,2022-08-25 20:22:18,65.282,-126.8329,60.84,100,75,18.41
248,Yambio,SS,2022-08-25 20:22:18,4.5721,28.3955,67.12,96,25,1.39
249,Husum,DE,2022-08-25 20:22:19,54.4858,9.0524,67.98,83,27,10.83
250,Lata,PT,2022-08-25 20:22:19,40.1629,-8.3327,65.8,88,4,3.18
251,Qarqin,AF,2022-08-25 20:22:20,37.4185,66.0436,75.94,17,0,12.68
252,Diu,IN,2022-08-25 20:22:20,20.7141,70.9822,80.04,79,98,9.91
253,Kaabong,UG,2022-08-25 20:22:20,3.4836,34.1492,69.12,60,87,3.47
254,Albany,US,2022-08-25 20:22:21,42.6001,-73.9662,88.03,54,88,1.99
255,San Patricio,US,2022-08-25 20:22:21,28.017,-97.5169,81.9,66,87,7.18
256,Bandarbeyla,SO,2022-08-25 20:22:21,9.4942,50.8122,77.07,82,0,31.52
257,Upata,VE,2022-08-25 20:22:22,8.0086,-62.3989,73.08,91,94,1.86
258,Rafaela,AR,2022-08-25 20:22:22,-31.2503,-61.4867,82.99,49,65,5.44
259,Vicuna,CL,2022-08-25 20:22:22,-30.0319,-70.7081,84.78,22,94,5.03
260,Belmonte,BR,2022-08-25 20:22:23,-15.8631,-38.8828,73.45,78,87,7.25
261,Evensk,RU,2022-08-25 20:22:23,61.95,159.2333,53.1,84,100,5.1
262,Vardo,NO,2022-08-25 20:22:23,70.3705,31.1107,49.98,93,100,8.05
263,Zalantun,CN,2022-08-25 20:22:23,48.0,122.7167,46.35,68,20,7.47
264,Lynn Haven,US,2022-08-25 20:22:24,30.2455,-85.6483,88.0,78,20,5.75
265,Ballina,AU,2022-08-25 20:22:24,-28.8667,153.5667,45.79,83,0,7.02
266,Broome,US,2022-08-25 20:22:24,42.2506,-75.833,87.53,53,0,6.91
267,Tjaereborg,DK,2022-08-25 20:22:25,55.4646,8.5797,68.97,83,0,8.05
268,Margate,GB,2022-08-25 20:22:25,51.3813,1.3862,68.31,84,100,5.99
269,Airai,TL,2022-08-25 20:22:25,-8.9266,125.4092,53.13,89,36,3.27
270,Los Llanos De Aridane,ES,2022-08-25 20:23:26,28.6585,-17.9182,74.12,82,20,14.97
271,Pryazha,RU,2022-08-25 20:23:26,61.6926,33.6216,61.83,98,99,5.57
272,Husavik,IS,2022-08-25 20:23:26,66.0449,-17.3389,44.17,94,100,20.92
273,Paciran,ID,2022-08-25 20:23:27,-6.8767,112.3761,77.31,83,82,7.36
274,Torbay,CA,2022-08-25 20:23:27,47.6666,-52.7314,74.75,86,75,12.66
275,Pontiac,US,2022-08-25 20:19:38,42.6389,-83.2911,83.44,56,100,9.22
276,Ouidah,BJ,2022-08-25 20:23:28,6.3631,2.0851,76.86,87,100,8.48
277,Bambanglipuro,ID,2022-08-25 20:23:28,-7.95,110.2833,74.05,89,23,7.61
278,Ampanihy,MG,2022-08-25 20:23:28,-24.7,44.75,70.83,41,0,7.43
279,Aswan,EG,2022-08-25 20:23:29,24.0934,32.907,96.1,14,0,6.91
280,Aleksandrovka,UA,2022-08-25 20:23:29,46.8383,32.7612,78.89,32,95,8.52
281,Santa Ana,US,2022-08-25 20:23:02,33.7456,-117.8678,101.41,54,20,12.66
282,Hasaki,JP,2022-08-25 20:23:29,35.7333,140.8333,73.8,94,79,3.78
283,Talara,PE,2022-08-25 20:23:30,-4.5772,-81.2719,72.36,68,0,12.66
284,Ceuta,ES,2022-08-25 20:23:30,35.8903,-5.3075,78.84,81,2,7.2
285,San Miguel,SV,2022-08-25 20:23:30,13.4833,-88.1833,89.2,62,40,4.61
286,Kawalu,ID,2022-08-25 20:23:31,-7.3817,108.2082,70.77,94,97,0.74
287,Cozumel,MX,2022-08-25 20:21:17,20.5083,-86.9458,91.47,83,75,10.36
288,Port Hedland,AU,2022-08-25 20:23:31,-20.3167,118.5667,57.25,51,5,8.05
289,Sitka,US,2022-08-25 20:23:31,57.0531,-135.33,60.69,82,100,12.66
290,Bethel,US,2022-08-25 20:19:30,41.3712,-73.414,92.34,38,40,3.44
291,Krasnokholm,RU,2022-08-25 20:23:32,51.5979,54.1567,71.35,40,0,6.22
292,Aktau,KZ,2022-08-25 20:23:32,43.65,51.2,68.58,43,0,6.2
293,Westport,US,2022-08-25 20:22:01,41.1415,-73.3579,93.27,41,0,9.22
294,Blagoyevo,RU,2022-08-25 20:23:33,63.3667,47.9167,59.58,97,100,6.33
295,Pakxe,LA,2022-08-25 20:23:33,15.1167,105.7833,73.72,98,100,4.36
296,Rosarito,MX,2022-08-25 20:23:33,32.3333,-117.0333,90.63,69,8,7.18
297,Ha Giang,VN,2022-08-25 20:19:07,22.8333,104.9833,78.17,96,100,6.8
298,Sassandra,CI,2022-08-25 20:23:34,4.95,-6.0833,74.7,83,100,5.19
299,Yarmouth,US,2022-08-25 20:23:34,41.7057,-70.2286,85.14,58,0,6.91
300,Lulea,SE,2022-08-25 20:23:34,65.5842,22.1547,59.07,94,0,5.75
301,Sistranda,NO,2022-08-25 20:23:35,63.7256,8.834,58.96,88,97,9.64
302,Manadhoo,MV,2022-08-25 20:23:35,5.7667,73.3833,81.16,73,100,18.43
303,Venice,US,2022-08-25 20:23:20,27.0998,-82.4543,93.97,66,0,11.99
304,Ode,NG,2022-08-25 20:23:36,7.7899,5.7117,69.67,95,100,4.25
305,Poronaysk,RU,2022-08-25 20:23:36,49.2167,143.1167,55.11,92,0,3.76
306,Key West,US,2022-08-25 20:23:13,24.5557,-81.7826,93.2,74,0,9.22
307,Sabha,LY,2022-08-25 20:23:36,27.0377,14.4283,94.03,21,11,15.99
308,Dauphin,CA,2022-08-25 20:23:37,51.1494,-100.0502,78.94,57,0,13.8
309,Zhenjiang,CN,2022-08-25 20:23:37,32.2092,119.4342,71.42,94,100,4.14
310,Oranjestad,AW,2022-08-25 20:21:47,12.524,-70.027,87.75,70,20,21.85
311,Mujiayingzi,CN,2022-08-25 20:23:37,42.1167,118.7833,54.61,40,36,2.39
312,Petropavlovsk-Kamchatskiy,RU,2022-08-25 20:23:38,53.0452,158.6483,54.19,82,40,2.24
313,Kailua,US,2022-08-25 20:24:38,21.4022,-157.7394,87.06,69,65,9.13
314,Rio Blanco,MX,2022-08-25 20:24:39,18.8333,-97.15,76.5,72,80,7.2
315,Agadir,MA,2022-08-25 20:24:39,30.4202,-9.5982,75.65,77,10,4.63
316,Yarada,IN,2022-08-25 20:24:40,17.65,83.2667,82.62,76,100,4.47
317,Bulqize,AL,2022-08-25 20:24:40,41.4917,20.2219,66.52,71,3,3.76
318,Deputatskiy,RU,2022-08-25 20:24:40,69.3,139.9,37.38,82,23,1.99
319,Sarangani,PH,2022-08-25 20:24:40,5.4033,125.4636,83.44,71,94,10.8
320,Esperance,AU,2022-08-25 20:24:41,-33.8667,121.9,51.51,65,4,15.5
321,Omboue,GA,2022-08-25 20:24:41,-1.5746,9.2618,74.16,82,45,9.78
322,Ewo,CG,2022-08-25 20:24:41,-0.8725,14.8206,74.88,81,100,1.83
323,Soyo,AO,2022-08-25 20:24:42,-6.1349,12.3689,71.42,92,14,5.77
324,Kolondieba,ML,2022-08-25 20:24:42,11.0882,-6.8926,73.99,93,100,3.31
325,Coquimbo,CL,2022-08-25 20:24:42,-29.9533,-71.3436,55.13,87,100,9.22
326,Mao,ES,2022-08-25 20:24:43,39.8885,4.2658,77.56,78,0,2.3
327,Rocha,UY,2022-08-25 20:24:43,-34.4833,-54.3333,68.09,80,100,4.72
328,Labuhan,ID,2022-08-25 20:24:43,-6.8844,112.2051,76.19,85,60,7.47
329,Halifax,CA,2022-08-25 20:22:20,44.6453,-63.5724,81.34,74,40,11.5
330,Fuxin,CN,2022-08-25 20:24:44,42.0156,121.6589,57.85,84,7,2.64
331,Santa Rosa,PH,2022-08-25 20:20:29,14.3122,121.1114,80.58,90,50,2.59
332,Vao,NC,2022-08-25 20:24:44,-22.6667,167.4833,71.37,79,99,11.88
333,Zhob,PK,2022-08-25 20:24:45,31.3411,69.4481,68.31,90,100,6.8
334,Te Anau,NZ,2022-08-25 20:24:45,-45.4167,167.7167,33.37,86,8,1.28
335,Nizwa,OM,2022-08-25 20:24:45,22.9333,57.5333,88.12,30,73,5.91
336,Neuquen,AR,2022-08-25 20:20:43,-38.9516,-68.0591,64.29,9,0,9.22
337,Petrolina,BR,2022-08-25 20:24:46,-9.3986,-40.5008,84.25,37,20,11.5
338,Ust-Nera,RU,2022-08-25 20:24:46,64.5667,143.2,47.5,84,97,4.0
339,Saint George,US,2022-08-25 20:19:59,37.1041,-113.5841,89.8,35,0,5.75
340,La Ronge,CA,2022-08-25 20:24:46,55.1001,-105.2842,84.45,30,0,12.66
341,Nanakuli,US,2022-08-25 20:24:47,21.3906,-158.1547,87.03,60,0,3.44
342,Impfondo,CG,2022-08-25 20:24:47,1.6381,18.0667,70.47,97,98,2.19
343,Zhigansk,RU,2022-08-25 20:24:47,66.7697,123.3711,42.78,77,8,7.2
344,Magna,US,2022-08-25 20:24:48,40.7091,-112.1016,93.29,29,20,11.5
345,Mumford,GH,2022-08-25 20:24:48,5.2618,-0.759,74.03,91,99,7.14
346,Taicheng,CN,2022-08-25 20:24:48,38.731,113.228,56.68,51,53,3.65
347,Galle,LK,2022-08-25 20:24:48,6.0367,80.217,78.62,86,99,11.72
348,Bilma,NE,2022-08-25 20:24:49,18.6853,12.9164,97.3,24,22,8.05
349,Vila Franca Do Campo,PT,2022-08-25 20:24:49,37.7167,-25.4333,72.01,82,65,3.56
350,Paamiut,GL,2022-08-25 20:24:49,61.994,-49.6678,42.12,98,100,6.38
351,San Quintin,MX,2022-08-25 20:24:50,30.4833,-115.95,77.31,66,0,9.44
352,Bay Roberts,CA,2022-08-25 20:24:50,47.5999,-53.2648,75.51,84,90,5.99
353,Puerto Narino,CO,2022-08-25 20:24:50,-3.7703,-70.3831,85.57,56,91,0.89
354,Tazovskiy,RU,2022-08-25 20:24:51,67.4667,78.7,42.17,75,100,10.6
355,Chegdomyn,RU,2022-08-25 20:24:51,51.1167,133.0167,52.05,97,100,2.26
356,Port Shepstone,ZA,2022-08-25 20:24:51,-30.7414,30.455,67.1,77,17,31.0
357,Semnan,IR,2022-08-25 20:24:52,35.5729,53.3971,73.24,21,0,2.3
358,Northam,GB,2022-08-25 20:24:52,51.0333,-4.2167,59.61,75,7,9.73
359,Skibbereen,IE,2022-08-25 20:25:52,51.55,-9.2667,60.12,91,100,13.96
360,Dali,CN,2022-08-25 20:25:53,25.7,100.1833,64.0,85,97,2.57
361,Puerto Quijarro,BO,2022-08-25 20:25:53,-17.7833,-57.7667,98.04,16,30,3.38
362,Kaeo,NZ,2022-08-25 20:25:53,-35.1,173.7833,58.32,92,69,16.28
363,Roma,US,2022-08-25 20:22:03,43.2128,-75.4557,83.73,51,0,6.91
364,Sur,OM,2022-08-25 20:25:54,22.5667,59.5289,84.0,66,36,13.53
365,Akdepe,TM,2022-08-25 20:25:54,42.0551,59.3788,69.89,42,0,9.22
366,Irbeyskoye,RU,2022-08-25 20:25:54,55.6428,95.4522,51.94,93,7,6.15
367,Pontianak,ID,2022-08-25 20:25:55,-0.0333,109.3333,76.98,94,100,1.14
368,Aksay,RU,2022-08-25 20:25:55,47.26,39.87,86.25,14,51,15.99
369,Verkh-Usugli,RU,2022-08-25 20:25:55,52.7,115.1667,38.43,93,88,4.81
370,Malanje,AO,2022-08-25 20:25:56,-9.5402,16.341,77.7,37,83,6.13
371,Karratha,AU,2022-08-25 20:25:56,-20.7377,116.8463,65.1,33,7,7.74
372,Cap-Aux-Meules,CA,2022-08-25 20:25:56,47.3821,-61.8597,68.05,94,100,16.11
373,Nardaran,AZ,2022-08-25 20:25:57,40.5561,50.0056,67.64,77,0,0.0
374,San Policarpo,PH,2022-08-25 20:25:57,12.1791,125.5072,80.02,80,100,6.67
375,Mamallapuram,IN,2022-08-25 20:25:57,12.6264,80.1722,80.65,79,64,6.22
376,Tarko-Sale,RU,2022-08-25 20:25:57,64.9225,77.785,44.01,70,100,4.38
377,Nanortalik,GL,2022-08-25 20:25:58,60.1432,-45.2371,44.04,92,100,5.14
378,Cap Malheureux,MU,2022-08-25 20:25:58,-19.9842,57.6142,68.47,70,1,3.0
379,Banska Stiavnica,SK,2022-08-25 20:25:58,48.4486,18.91,67.26,77,75,3.8
380,Sungai Padi,TH,2022-08-25 20:25:59,6.0851,101.8766,74.98,96,100,2.93
381,Staryy Nadym,RU,2022-08-25 20:21:18,65.6118,72.6842,46.63,60,82,6.49
382,Atikokan,CA,2022-08-25 20:24:05,48.7555,-91.6216,73.98,36,21,5.77
383,Foz,ES,2022-08-25 20:25:59,43.5692,-7.2544,65.68,94,99,10.4
384,Gouyave,GD,2022-08-25 20:26:00,12.1646,-61.7296,84.97,74,40,0.0
385,Inta,RU,2022-08-25 20:26:00,66.0317,60.1659,48.13,90,81,10.38
386,Tianpeng,CN,2022-08-25 20:26:00,30.9866,103.9393,73.87,97,100,2.73
387,Voznesenye,RU,2022-08-25 20:26:00,61.0106,35.4781,61.25,94,100,5.17
388,Mkushi,ZM,2022-08-25 20:26:01,-13.6202,29.3939,62.49,43,6,5.7
389,Quatre Cocos,MU,2022-08-25 20:26:01,-20.2078,57.7625,69.91,69,5,15.41
390,Pontes E Lacerda,BR,2022-08-25 20:22:12,-15.2261,-59.3353,97.92,17,8,6.26
391,Beringovskiy,RU,2022-08-25 20:26:02,63.05,179.3167,51.73,87,92,2.89
392,Tukrah,LY,2022-08-25 20:26:02,32.5341,20.5791,79.95,64,7,7.29
393,Cavarzere,IT,2022-08-25 20:26:02,45.1356,12.0817,80.55,60,0,4.52
394,Gambela,ET,2022-08-25 20:26:03,8.25,34.5833,70.75,87,100,2.71
395,Saldanha,ZA,2022-08-25 20:26:03,-33.0117,17.9442,50.05,72,0,3.83
396,Kabalo,CD,2022-08-25 20:26:03,-6.05,26.9167,80.94,35,48,1.3
397,Hualmay,PE,2022-08-25 20:26:04,-11.0964,-77.6139,65.48,71,26,9.93
398,Ndjole,GA,2022-08-25 20:26:04,-0.1783,10.7649,77.07,78,94,5.84
399,Zigong,CN,2022-08-25 20:26:04,29.3416,104.7769,77.79,92,100,0.51
400,High Level,CA,2022-08-25 20:26:04,58.5169,-117.136,86.11,39,0,9.22
401,Hirara,JP,2022-08-25 20:26:05,24.8,125.2833,85.96,76,100,12.48
402,Nantucket,US,2022-08-25 20:23:19,41.2835,-70.0995,84.34,65,0,6.91
403,Grand Gaube,MU,2022-08-25 20:26:05,-20.0064,57.6608,70.2,70,0,3.0
404,Stralsund,DE,2022-08-25 20:26:06,54.3091,13.0818,70.05,95,24,8.52
405,Mount Isa,AU,2022-08-25 20:26:06,-20.7333,139.5,53.37,30,0,9.22
406,Sandwick,GB,2022-08-25 20:26:06,60.0,-1.25,55.22,88,100,9.22
407,Great Falls,US,2022-08-25 20:26:06,47.5002,-111.3008,79.99,46,0,6.91
408,Taman,RU,2022-08-25 20:27:07,45.2117,36.7161,82.04,46,94,24.05
409,Mezhdurechensk,RU,2022-08-25 20:27:07,53.6942,88.0603,51.21,95,2,2.08
410,Winslow,US,2022-08-25 20:22:08,35.0242,-110.6974,73.58,68,100,16.11
411,Karabulak,RU,2022-08-25 20:27:08,43.3036,44.8964,67.19,59,2,1.03
412,Kaniama,CD,2022-08-25 20:27:08,-7.5667,24.1833,79.97,35,78,2.53
413,Sakakah,SA,2022-08-25 20:27:08,29.9697,40.2064,87.37,14,0,10.18
414,Kosonsoy,UZ,2022-08-25 20:27:09,41.2561,71.5508,70.36,23,100,9.91
415,Frankfort,ZA,2022-08-25 20:27:09,-27.2667,28.4833,56.84,28,0,1.36
416,Itarema,BR,2022-08-25 20:25:21,-2.9248,-39.9167,79.9,68,15,18.99
417,Show Low,US,2022-08-25 20:26:14,34.2542,-110.0298,77.29,50,40,6.91
418,Vila Velha,BR,2022-08-25 20:27:09,-20.3297,-40.2925,75.15,80,75,6.91
419,Indramayu,ID,2022-08-25 20:27:10,-6.3264,108.32,77.16,74,100,8.99
420,Lalin,ES,2022-08-25 20:27:10,42.7167,-8.1167,65.82,85,21,7.96
421,Caririacu,BR,2022-08-25 20:27:11,-7.0422,-39.2836,80.69,42,0,20.71
422,College,US,2022-08-25 20:27:11,64.8569,-147.8028,66.07,71,75,4.61
423,Sinnamary,GF,2022-08-25 20:27:11,5.3833,-52.95,82.74,72,1,9.91
424,Alta Floresta,BR,2022-08-25 20:27:12,-9.8756,-56.0861,98.42,25,40,3.44
425,Shurugwi,ZW,2022-08-25 20:27:12,-19.6702,30.0059,56.7,35,0,3.13
426,Ulundi,ZA,2022-08-25 20:27:12,-28.3352,31.4162,64.87,35,0,5.19
427,General Roca,AR,2022-08-25 20:27:12,-39.0333,-67.5833,66.09,11,0,15.79
428,Nyrob,RU,2022-08-25 20:27:13,60.733,56.7202,61.56,93,9,4.54
429,Kirakira,SB,2022-08-25 20:27:13,-10.4544,161.9205,78.03,85,86,7.56
430,Skjervoy,NO,2022-08-25 20:27:14,70.0311,20.9714,57.2,62,100,5.3
431,Coachella,US,2022-08-25 20:27:14,33.6803,-116.1739,105.6,36,0,5.75
432,Popondetta,PG,2022-08-25 20:27:14,-8.7537,148.2534,70.7,89,59,3.18
433,Phek,IN,2022-08-25 20:27:15,25.6667,94.5,62.47,99,100,2.3
434,Aklavik,CA,2022-08-25 20:27:15,68.2191,-135.0107,58.39,78,98,7.34
435,Loralai,PK,2022-08-25 20:27:15,30.3705,68.598,67.23,95,100,1.9
436,Yarovoye,RU,2022-08-25 20:27:16,52.9273,78.58,62.24,56,4,5.23
437,Mastic Beach,US,2022-08-25 20:27:16,40.7668,-72.8521,89.98,55,20,11.5
438,Xaxim,BR,2022-08-25 20:27:16,-26.9617,-52.5347,73.78,70,5,2.93
439,San Juan,AR,2022-08-25 20:27:17,-31.5375,-68.5364,72.25,22,30,9.64
440,Havelock,US,2022-08-25 20:27:17,34.8791,-76.9013,84.16,78,100,1.99
441,Biltine,TD,2022-08-25 20:27:17,14.5333,20.9167,77.49,67,99,2.15
442,Canmore,CA,2022-08-25 20:24:02,51.0834,-115.3521,72.88,43,100,4.61
443,Necochea,AR,2022-08-25 20:27:18,-38.5473,-58.7368,57.76,60,52,7.14
444,Praia Da Vitoria,PT,2022-08-25 20:27:18,38.7333,-27.0667,75.76,83,40,9.53
445,Sao Joao Da Barra,BR,2022-08-25 20:24:34,-21.6403,-41.0511,75.29,78,100,6.93
446,Tanggu,CN,2022-08-25 20:27:18,39.0211,117.6469,73.36,60,100,10.4
447,Stepnyak,KZ,2022-08-25 20:27:19,52.8339,70.7803,60.8,74,6,8.12
448,Shingu,JP,2022-08-25 20:27:04,33.7333,135.9833,76.89,88,83,3.98
449,Tiarei,PF,2022-08-25 20:27:20,-17.5333,-149.3333,75.22,90,100,17.76
450,Eregli,TR,2022-08-25 20:27:20,37.5133,34.0467,70.54,39,0,1.05
451,Cananeia,BR,2022-08-25 20:27:20,-25.0147,-47.9267,69.62,80,26,5.53
452,Leningradskiy,RU,2022-08-25 20:27:21,69.3833,178.4167,41.72,85,100,14.65
453,Namibe,AO,2022-08-25 20:27:21,-15.1961,12.1522,63.07,81,88,5.44
454,Mahenge,TZ,2022-08-25 20:27:21,-8.6833,36.7167,63.59,60,70,3.33
455,El Dorado,US,2022-08-25 20:27:20,38.7666,-120.5177,94.93,24,0,1.99
456,Caravelas,BR,2022-08-25 20:28:22,-17.7125,-39.2481,72.19,73,29,5.66
457,Padang,ID,2022-08-25 20:28:22,-0.9492,100.3543,75.72,91,100,4.59
458,Beyneu,KZ,2022-08-25 20:28:22,45.3167,55.2,76.93,24,0,9.69
459,Veraval,IN,2022-08-25 20:28:23,20.9,70.3667,80.58,78,100,9.06
460,Nelson Bay,AU,2022-08-25 20:28:23,-32.7167,152.15,55.99,98,94,7.0
461,Verkhnevilyuysk,RU,2022-08-25 20:28:23,63.4453,120.3167,43.0,98,56,4.29
462,Preston,GB,2022-08-25 20:28:24,53.7667,-2.7167,60.93,83,0,3.6
463,Mana,GF,2022-08-25 20:28:24,5.6592,-53.7767,82.67,72,24,9.95
464,Kalakamati,BW,2022-08-25 20:28:24,-20.5929,27.3121,59.77,25,0,8.1
465,Kutum,SD,2022-08-25 20:28:25,14.2,24.6667,71.87,69,70,5.26
466,Ancud,CL,2022-08-25 20:28:25,-41.8697,-73.8203,50.23,90,100,10.87
467,Dhidhdhoo,MV,2022-08-25 20:28:25,6.8833,73.1,81.68,75,100,17.67
468,Sampit,ID,2022-08-25 20:28:26,-2.5333,112.95,72.46,99,100,2.48
469,Otradnoye,RU,2022-08-25 20:28:26,59.7775,30.8181,64.45,81,95,6.44
470,Balagansk,RU,2022-08-25 20:28:26,54.0103,103.0544,50.97,95,100,3.47
471,Vuktyl,RU,2022-08-25 20:28:27,63.8567,57.3094,51.33,93,100,8.05
472,Ngaoundere,CM,2022-08-25 20:28:27,7.3167,13.5833,63.52,98,100,2.17
473,Viisoara,RO,2022-08-25 20:28:27,46.55,23.9167,69.76,69,0,5.01
474,Churachandpur,IN,2022-08-25 20:28:28,24.3333,93.6667,67.98,99,100,2.35
475,Korba,IN,2022-08-25 20:28:28,22.35,82.6833,75.61,85,82,2.01
476,Alyangula,AU,2022-08-25 20:28:28,-13.8483,136.4192,57.07,94,0,0.0
477,Kaka,TM,2022-08-25 20:28:29,37.3482,59.6143,73.09,22,0,2.21
478,Maraa,BR,2022-08-25 20:28:29,-1.8333,-65.3667,84.07,68,100,1.36
479,Dombarovskiy,RU,2022-08-25 20:28:29,50.7587,59.5386,72.54,37,40,6.82
480,Faya,SA,2022-08-25 20:28:29,18.3851,42.4509,70.32,57,100,5.91
481,Baykit,RU,2022-08-25 20:28:30,61.67,96.37,46.17,94,96,5.86
482,Genhe,CN,2022-08-25 20:28:30,50.7833,121.5167,44.22,98,100,2.51
483,Shu,KZ,2022-08-25 20:28:31,43.5983,73.7614,70.16,26,100,4.52
484,Kyaikkami,MM,2022-08-25 20:28:31,16.08,97.5675,79.11,87,100,9.08
485,Yerbogachen,RU,2022-08-25 20:28:32,61.2767,108.0108,54.09,97,100,10.56
486,Boende,CD,2022-08-25 20:28:32,-0.2167,20.8667,70.43,96,95,2.82
487,Shelburne,CA,2022-08-25 20:28:32,44.0787,-80.2041,70.59,91,100,2.33
488,Sumbe,AO,2022-08-25 20:28:33,-11.2061,13.8437,69.44,88,100,7.29
489,Pareora,NZ,2022-08-25 20:28:33,-44.4871,171.2132,47.17,95,100,10.51
490,North Bend,US,2022-08-25 20:28:33,43.4065,-124.2243,78.24,86,100,17.27
491,Chimoio,MZ,2022-08-25 20:28:33,-19.1164,33.4833,60.66,82,0,2.68
492,Ekuvukeni,ZA,2022-08-25 20:28:34,-28.4675,30.1551,61.75,26,0,3.09
493,Gornopravdinsk,RU,2022-08-25 20:28:34,60.05,69.9,51.71,69,65,3.2
494,Cookeville,US,2022-08-25 20:28:34,36.1628,-85.5016,87.62,66,0,5.75
495,Zabaykalsk,RU,2022-08-25 20:28:35,49.6333,117.3167,42.93,70,100,10.65
496,Jalu,LY,2022-08-25 20:28:35,29.0331,21.5482,85.48,31,0,11.1
497,Lagos,NG,2022-08-25 20:26:01,6.5833,3.75,80.92,90,100,5.21
498,Peniche,PT,2022-08-25 20:28:35,39.3558,-9.3811,68.29,93,36,16.69
499,San Rafael,AR,2022-08-25 20:28:36,-34.6177,-68.3301,67.86,27,1,5.28
500,Saint-Augustin,CA,2022-08-25 20:28:36,51.226,-58.6502,62.24,97,100,8.86
501,Sabang,ID,2022-08-25 20:28:36,5.8933,95.3214,77.74,90,100,26.04
502,Boa Vista,BR,2022-08-25 20:26:55,2.8197,-60.6733,87.78,55,75,5.75
503,Milkovo,RU,2022-08-25 20:29:37,54.7167,158.6167,53.58,66,97,9.17
504,Trincomalee,LK,2022-08-25 20:29:37,8.5711,81.2335,79.27,81,100,13.78
505,Korla,CN,2022-08-25 20:29:38,41.7597,86.1469,76.75,24,100,9.24
506,Suntar,RU,2022-08-25 20:29:38,62.1444,117.6319,48.27,98,100,5.75
507,Port Hawkesbury,CA,2022-08-25 20:29:38,45.6169,-61.3485,79.88,81,75,8.99
508,Coihaique,CL,2022-08-25 20:26:50,-45.5752,-72.0662,49.95,53,40,6.91
509,Laerdalsoyri,NO,2022-08-25 20:29:39,61.098,7.4816,64.72,94,75,2.3
510,Waingapu,ID,2022-08-25 20:29:39,-9.6567,120.2641,72.14,83,95,9.62
511,Moose Factory,CA,2022-08-25 20:29:39,51.2585,-80.6094,59.0,58,100,4.61
512,Egvekinot,RU,2022-08-25 20:29:40,66.3167,-179.1667,41.94,87,100,9.84
513,Tautira,PF,2022-08-25 20:29:40,-17.7333,-149.15,70.29,91,100,16.33
514,Brookhaven,US,2022-08-25 20:28:43,31.5791,-90.4407,74.86,71,49,5.17
515,Kulhudhuffushi,MV,2022-08-25 20:29:40,6.6221,73.07,81.72,75,100,18.01
516,Jiuquan,CN,2022-08-25 20:29:41,39.7432,98.5174,68.86,38,27,3.49
517,Iquique,CL,2022-08-25 20:29:41,-20.2208,-70.1431,60.84,66,11,4.34
518,Champerico,GT,2022-08-25 20:29:41,14.3,-91.9167,88.34,68,50,8.66
519,Port Hardy,CA,2022-08-25 20:29:42,50.6996,-127.4199,62.78,88,75,9.22
520,Zelenoborsk,RU,2022-08-25 20:29:42,61.4669,64.0333,54.64,54,67,4.99
521,Upington,ZA,2022-08-25 20:29:42,-28.4478,21.2561,53.98,54,0,3.44
522,Betsiamites,CA,2022-08-25 20:29:42,48.9413,-68.646,68.4,47,10,7.18
523,Gat,IL,2022-08-25 20:29:43,31.61,34.7642,85.41,100,0,8.66
524,Lima,PE,2022-08-25 20:29:24,-12.0432,-77.0282,67.89,70,100,8.05
525,Scarborough,GB,2022-08-25 20:25:25,54.2797,-0.4044,59.65,87,0,0.94
526,Oudtshoorn,ZA,2022-08-25 20:29:43,-33.5907,22.2014,53.96,65,89,4.5
527,Atbasar,KZ,2022-08-25 20:29:44,51.8,68.3333,61.84,63,2,2.17
528,Mezen,RU,2022-08-25 20:29:44,65.8522,44.24,47.17,96,7,3.98
529,Chapulhuacan,MX,2022-08-25 20:29:44,21.1667,-98.9,86.13,43,79,6.93
530,Coihueco,CL,2022-08-25 20:29:45,-36.6167,-71.8333,61.54,48,0,14.97
531,Mazatlan,MX,2022-08-25 20:29:45,23.2167,-106.4167,90.91,74,20,6.91
532,Rio Gallegos,AR,2022-08-25 20:25:08,-51.6226,-69.2181,53.65,30,20,20.71
533,Bairnsdale,AU,2022-08-25 20:29:45,-37.8333,147.6167,46.06,96,100,2.55
534,Severobaykalsk,RU,2022-08-25 20:29:46,55.65,109.3167,44.47,75,72,1.88
535,Mbamba,NG,2022-08-25 20:29:46,9.9833,13.1,69.22,97,100,1.03
536,Oktyabrskoye,RU,2022-08-25 20:29:46,43.0645,44.7417,64.54,77,3,8.95
537,Katsuura,JP,2022-08-25 20:29:47,35.1333,140.3,78.82,92,26,7.2
538,Sobolevo,RU,2022-08-25 20:29:47,54.4299,31.8996,66.81,61,19,5.55
539,Imeni Poliny Osipenko,RU,2022-08-25 20:29:47,52.4201,136.4853,51.78,98,100,4.74
540,Constitucion,CL,2022-08-25 20:25:57,-35.3333,-72.4167,58.66,55,84,14.07
541,Mirnyy,RU,2022-08-25 20:29:48,62.5353,113.9611,51.24,93,100,13.0
542,Kyzyl-Suu,KG,2022-08-25 20:29:48,42.3414,78.0056,51.96,78,100,0.58
543,Cody,US,2022-08-25 20:26:51,44.5263,-109.0565,75.58,54,0,4.61
544,Belaya Gora,RU,2022-08-25 20:29:48,68.5333,146.4167,37.98,74,6,5.61
545,Santona,ES,2022-08-25 20:29:49,43.4439,-3.4576,71.91,90,100,5.99
546,Metro,ID,2022-08-25 20:29:49,-5.1131,105.3067,73.13,92,17,4.61
547,Antigonish,CA,2022-08-25 20:29:20,45.6169,-61.9986,78.15,83,52,1.99
548,Atasu,KZ,2022-08-25 20:29:49,48.6814,71.6433,60.31,42,0,8.08
549,Booue,GA,2022-08-25 20:29:50,-0.0921,11.9385,75.99,78,100,3.71
550,Phan Thiet,VN,2022-08-25 20:30:50,10.9333,108.1,76.84,90,100,7.56
551,Bud,US,2022-08-25 20:30:50,39.447,-86.1758,86.32,62,25,9.46
552,Gunnedah,AU,2022-08-25 20:30:51,-30.9833,150.25,41.4,89,7,4.76
553,Mlonggo,ID,2022-08-25 20:30:51,-6.5333,110.7,76.77,77,65,6.4
554,Ayan,RU,2022-08-25 20:30:51,56.45,138.1667,52.41,71,5,12.15
555,Dondo,MZ,2022-08-25 20:30:51,-19.6094,34.7431,65.71,93,0,4.97
556,Imbituba,BR,2022-08-25 20:30:52,-28.24,-48.6703,65.46,88,0,11.01
557,Swan Hill,AU,2022-08-25 20:30:52,-35.3378,143.5544,42.17,95,0,5.88
558,Paka,MY,2022-08-25 20:30:52,4.6374,103.4368,78.73,83,100,2.3
559,Bridgetown,BB,2022-08-25 20:30:53,13.1,-59.6167,86.49,74,40,14.97
560,Santiago De Cao,PE,2022-08-25 20:30:53,-7.9589,-79.2392,64.53,77,20,9.22
561,Pestovo,RU,2022-08-25 20:30:53,58.5938,35.8024,64.89,65,100,1.83
562,Buin,CL,2022-08-25 20:30:54,-33.7333,-70.75,75.52,42,6,2.42
563,Fatehpur Chaurasi,IN,2022-08-25 20:30:54,26.7833,80.2667,82.4,69,30,4.94
564,Leczna,PL,2022-08-25 20:30:54,51.3012,22.8814,73.11,68,0,1.14
565,Gorom-Gorom,BF,2022-08-25 20:30:55,14.4439,-0.2361,83.71,61,64,11.88
566,Tsiroanomandidy,MG,2022-08-25 20:30:55,-18.7667,46.0333,58.64,63,1,2.28
567,Porangatu,BR,2022-08-25 20:30:55,-13.4408,-49.1486,89.35,22,58,3.29
568,Tullahoma,US,2022-08-25 20:30:56,35.362,-86.2094,86.22,65,0,0.0
569,Harvey,US,2022-08-25 20:30:39,38.05,-97.4336,97.79,30,0,9.22
570,Itaberai,BR,2022-08-25 20:30:56,-16.0203,-49.8103,81.25,26,13,1.95
571,Khomeyn,IR,2022-08-25 20:30:57,33.6423,50.0789,66.79,22,1,3.44
572,Houma,US,2022-08-25 20:30:57,29.5958,-90.7195,84.99,80,0,4.61
573,Leningradskaya,RU,2022-08-25 20:30:57,46.3214,39.3877,78.19,32,15,20.89
574,Camacha,PT,2022-08-25 20:30:58,33.0833,-16.3333,69.22,83,40,10.36
575,Sterling,US,2022-08-25 20:30:58,39.0062,-77.4286,91.0,53,75,6.91
576,Komsomolskiy,UZ,2022-08-25 20:30:58,40.4272,71.7189,75.92,35,95,0.0
577,Chapais,CA,2022-08-25 20:30:58,49.7834,-74.8492,55.18,34,20,5.95
578,Cortez,US,2022-08-25 20:30:59,37.3489,-108.5859,80.04,36,75,14.97
579,Christchurch,NZ,2022-08-25 20:29:40,-43.5333,172.6333,49.91,91,100,10.36
580,Stornoway,GB,2022-08-25 20:30:59,58.2093,-6.3865,53.04,89,75,4.61
581,Constantine,DZ,2022-08-25 20:30:59,36.365,6.6147,78.21,53,0,2.3
582,Havre,FR,2022-08-25 20:31:00,49.5833,0.3333,65.97,88,100,12.66
583,Aquiraz,BR,2022-08-25 20:31:00,-3.9014,-38.3911,80.69,79,66,10.83
584,Jiangyou,CN,2022-08-25 20:31:00,31.7667,104.7167,73.2,90,99,1.21
585,Krasnokamensk,RU,2022-08-25 20:31:01,50.0979,118.0369,43.81,92,100,8.99
586,Saint-Francois,FR,2022-08-25 20:31:01,46.4154,3.9054,76.44,61,0,9.22
587,Zaragoza,ES,2022-08-25 20:31:01,41.6561,-0.8773,77.81,55,20,14.97
588,Yinchuan,CN,2022-08-25 20:31:02,38.4681,106.2731,70.21,36,20,2.93
589,Buala,SB,2022-08-25 20:31:02,-8.145,159.5921,80.4,80,90,9.17
590,Dodge City,US,2022-08-25 20:31:02,37.7528,-100.0171,94.23,27,0,6.91
591,Turukhansk,RU,2022-08-25 20:31:03,65.8167,87.9833,43.12,61,100,16.98
592,Elmira,US,2022-08-25 20:31:03,42.0898,-76.8077,86.36,62,41,1.23
593,Manavalakurichi,IN,2022-08-25 20:31:03,8.1333,77.3,77.38,83,100,16.51
594,Koudougou,BF,2022-08-25 20:31:04,12.25,-2.3667,77.94,74,100,5.91
595,Huarmey,PE,2022-08-25 20:31:04,-10.0681,-78.1522,66.7,72,5,10.54
